author_id,name,nationality
1,Trenton,Nigeria
2,Nedda,Russia
3,Worthington,Guatemala
4,Garreth,Guatemala
5,Reta,Mali
6,Sharity,Canada
7,Steffane,Serbia
8,Frieda,Pakistan
9,Bendite,Portugal
10,Gui,China
11,Zahara,Japan
12,Anna,Greece
13,Griz,France
14,Carlie,China
15,Pincus,Colombia
16,Lu,China
17,Sheppard,Norway
18,Zsa zsa,Mongolia
19,Atalanta,Brazil
20,Hershel,Malaysia
21,Beitris,Costa Rica
22,Tallou,Czech Republic
23,Cora,Indonesia
24,Donnie,Indonesia
25,Alphonso,Indonesia
26,Imogen,Syria
27,Flynn,Indonesia
28,Desirae,Pakistan
29,Augustine,Russia
30,Antonietta,Thailand
31,Jabez,Czech Republic
32,Gael,Indonesia
33,Chantal,Indonesia
34,Antin,Poland
35,Ardis,China
36,Derek,Indonesia
37,Maury,Denmark
38,Myrtie,Portugal
39,Asa,Spain
40,Wynny,Thailand
41,Tamma,Spain
42,Clarey,Japan
43,Hy,China
44,Fiann,China
45,Kristina,Indonesia
46,Antonius,United States
47,Nani,Poland
48,Norton,Philippines
49,Helene,Russia
50,Rubin,China
51,Ozzy,Indonesia
52,Lyn,Ukraine
53,Burgess,Venezuela
54,Melloney,Indonesia
55,Lydie,Tunisia
56,Sargent,Philippines
57,Kahaleel,Japan
58,Pen,China
59,Mannie,Indonesia
60,Carlota,France
61,Ted,China
62,Alisander,Ireland
63,Keelia,Ireland
64,Berte,Philippines
65,Raye,Russia
66,Vinny,Peru
67,Allyn,China
68,Estele,Indonesia
69,Gus,Greece
70,Hortensia,Poland
71,Pearce,Indonesia
72,Wallace,Ukraine
73,Web,South Korea
74,Noni,Chad
75,Ambrose,Indonesia
76,Emmey,Kazakhstan
77,Emmy,China
78,Bettye,Greece
79,Correy,Indonesia
80,Tam,Brazil
81,Halette,China
82,Dixie,Sweden
83,Jessika,France
84,Pegeen,Japan
85,Ebony,France
86,Dorelle,Indonesia
87,Valentine,Philippines
88,Eleanore,Philippines
89,Kayla,Bosnia and Herzegovina
90,Gordan,China
91,Idelle,Peru
92,Orland,Philippines
93,Fabe,Sweden
94,Catriona,Ireland
95,Lettie,Peru
96,Dulce,Russia
97,Joane,Nigeria
98,Torey,China
99,Margaretta,Morocco
100,Eloisa,Sweden
101,Melisenda,Poland
102,Yalonda,Myanmar
103,Ashli,Peru
104,Gabriello,France
105,Bent,Bosnia and Herzegovina
106,Ellynn,South Africa
107,Celestyna,Philippines
108,Rubi,Czech Republic
109,Michel,Argentina
110,Constance,Malaysia
111,Gert,Iran
112,Colby,Sweden
113,Charlean,Poland
114,Jakob,Russia
115,Timoteo,United States
116,Pepi,Indonesia
117,Ange,Nigeria
118,Georgeanne,China
119,Timi,China
120,William,Ukraine
121,Melisa,Thailand
122,Phedra,Ethiopia
123,Zackariah,Finland
124,Darell,Afghanistan
125,Karlens,Indonesia
126,Matty,China
127,Trudey,Croatia
128,Joe,United States
129,Jeremiah,China
130,Geri,Philippines
131,Bentley,China
132,Hart,Saudi Arabia
133,Morena,Indonesia
134,Laverne,Albania
135,Gwenore,Sweden
136,Stephana,Canada
137,Jacintha,Indonesia
138,Link,Russia
139,Dede,Nigeria
140,Adria,China
141,Brenn,Serbia
142,Dominic,Russia
143,Damiano,Cuba
144,Sherman,Lebanon
145,Yvon,Brazil
146,Merola,China
147,Hans,China
148,Maritsa,Nigeria
149,Iver,Czech Republic
150,Hew,Croatia
151,Jessalin,Canada
152,Pegeen,Philippines
153,Dolorita,Poland
154,Markus,United States
155,Ignace,Indonesia
156,Shaine,Poland
157,Tommie,Palestinian Territory
158,Amil,Russia
159,Gustave,Sweden
160,Inger,Indonesia
161,Winthrop,Pakistan
162,Selina,China
163,Devlin,Japan
164,Olga,China
165,Clotilda,Brazil
166,Kale,Portugal
167,Marley,China
168,Luz,Indonesia
169,Leonard,China
170,April,Estonia
171,Jade,Brazil
172,Arluene,Sweden
173,Laural,Sweden
174,Max,China
175,Ilaire,Chile
176,Bryana,Russia
177,Meryl,China
178,Rosalinda,Greece
179,Leta,Iran
180,Karl,Kenya
181,Malchy,Canada
182,Jacquenette,Poland
183,Darla,Sweden
184,Dianne,Kazakhstan
185,Prisca,China
186,Thorpe,Portugal
187,Matthieu,China
188,Adela,Philippines
189,Seana,Jamaica
190,Moshe,China
191,Asher,Argentina
192,Chelsae,Poland
193,Bennie,Ukraine
194,Libbi,Poland
195,Essy,China
196,Jeni,Indonesia
197,Wake,Czech Republic
198,Sybyl,Indonesia
199,Minne,Canada
200,Delmor,Sweden
201,Ilyse,Armenia
202,Ogdan,Mexico
203,Gretna,Philippines
204,Gilberte,Ukraine
205,Konstanze,Philippines
206,Imogene,Indonesia
207,Sherilyn,Czech Republic
208,Camile,Croatia
209,Amye,South Africa
210,Shane,El Salvador
211,Jilleen,China
212,Evelin,Indonesia
213,Marijo,Philippines
214,Cortie,Macedonia
215,Nani,Portugal
216,Bathsheba,Macedonia
217,Violette,Ukraine
218,Gradeigh,Burundi
219,Lion,Marshall Islands
220,Sileas,China
221,Fanchette,Sweden
222,Ferd,Philippines
223,Tami,Philippines
224,Inesita,Portugal
225,Tedra,Philippines
226,Gertruda,Nepal
227,Tait,Syria
228,Yvon,Pakistan
229,Rozalin,China
230,West,Mongolia
231,Charita,Hungary
232,Rorie,Russia
233,Rikki,Afghanistan
234,Barry,Russia
235,Lita,Poland
236,Salli,Honduras
237,Karilynn,Belgium
238,Coretta,Spain
239,April,Sweden
240,Parke,Latvia
241,Ashli,Ethiopia
242,Adriane,Nigeria
243,Glenine,Mexico
244,Andra,Russia
245,Ulysses,Afghanistan
246,Oates,Indonesia
247,Jaclin,France
248,Corenda,Thailand
249,Cristy,China
250,Euell,Angola
251,Radcliffe,China
252,Juli,New Zealand
253,Lorita,Ivory Coast
254,Base,China
255,Berton,Bolivia
256,Arney,Philippines
257,Corrie,Colombia
258,Dredi,United States
259,Nicoline,Netherlands
260,Junie,China
261,Aleece,China
262,Layton,Russia
263,Ikey,China
264,Adela,Indonesia
265,Herbert,Sweden
266,Mahmoud,Peru
267,Sherm,United States
268,Alix,New Zealand
269,Pearla,Indonesia
270,Lidia,Ukraine
271,Essie,Russia
272,Mabel,France
273,Ingaberg,Dominican Republic
274,Kittie,China
275,Hortensia,Philippines
276,Germayne,Palestinian Territory
277,Nataniel,Mozambique
278,Margaux,Italy
279,Ami,Philippines
280,Valeria,Palestinian Territory
281,Ansel,China
282,Aguste,Bosnia and Herzegovina
283,Nettle,Ukraine
284,Berna,Portugal
285,Aurora,Portugal
286,Nikolaus,China
287,Leanor,Peru
288,Tildi,Japan
289,Trudi,Brazil
290,Jeffie,Sweden
291,Randie,Philippines
292,Niven,Indonesia
293,Armin,Maldives
294,Thea,China
295,Lyndsey,Serbia
296,Nikolia,Colombia
297,Brose,Slovakia
298,Tamma,Russia
299,Saundra,China
300,Eadmund,United States
301,Hunt,China
302,Bailey,China
303,Janek,Nigeria
304,Annaliese,China
305,Sofia,Dominican Republic
306,Raye,Malaysia
307,Ruthi,Poland
308,Georgeta,Indonesia
309,Ashlen,Japan
310,Bonny,Lesotho
311,Madlen,Croatia
312,Jeremiah,Bolivia
313,Orella,Russia
314,Lynsey,Indonesia
315,Nicolina,Russia
316,Raddy,Palestinian Territory
317,Umeko,China
318,Shellie,China
319,Merrill,Gambia
320,Elmira,China
321,Arlinda,China
322,Isaiah,Cyprus
323,Chaim,Sweden
324,Eda,Morocco
325,Janetta,Canada
326,Sosanna,Norway
327,Miquela,Indonesia
328,Feliks,Philippines
329,Lorine,Brazil
330,Eadmund,Portugal
331,Carma,Czech Republic
332,Archaimbaud,China
333,Jonathan,Indonesia
334,Eleanor,China
335,Jennilee,Finland
336,Genni,Philippines
337,Carmelita,China
338,Sue,Syria
339,Rhett,Indonesia
340,Lesli,Indonesia
341,Roda,Indonesia
342,Erskine,Philippines
343,Miller,Thailand
344,Berk,Gambia
345,Tatiania,Indonesia
346,Mendy,China
347,Moise,Brazil
348,Gertrud,China
349,Dulcy,Indonesia
350,Goran,Indonesia
351,Walt,Russia
352,Ronica,Indonesia
353,Kamila,France
354,Janeva,Malaysia
355,Killie,Poland
356,Ardine,Indonesia
357,Hayes,China
358,Ringo,Russia
359,Aretha,Netherlands
360,Sawyer,Philippines
361,Anya,Finland
362,Ginny,China
363,Annalise,Sweden
364,Gan,Brazil
365,Guillema,Poland
366,Allan,Portugal
367,Jacquenette,Indonesia
368,Wain,Brazil
369,Rabbi,Portugal
370,Leonora,China
371,Dniren,Madagascar
372,Gav,China
373,Jessamyn,Philippines
374,Freddy,Russia
375,Glynn,Portugal
376,Lavinie,Afghanistan
377,Veronica,China
378,Roshelle,Israel
379,Rheba,Philippines
380,Shelly,Czech Republic
381,Tonye,Indonesia
382,Weidar,China
383,Remy,Bangladesh
384,Tallia,United States
385,Mavis,Costa Rica
386,Laurene,Portugal
387,Huntlee,Georgia
388,Elicia,China
389,Agosto,Latvia
390,Reynold,China
391,Allsun,Mauritius
392,Heath,China
393,Oates,Russia
394,Aimil,Comoros
395,Andrea,Russia
396,Sephira,China
397,Marguerite,Croatia
398,Davita,Thailand
399,Samuel,Colombia
400,Fiorenze,Greece
401,Vicki,France
402,Orel,China
403,Emlyn,Italy
404,Isadora,Indonesia
405,Nanette,Czech Republic
406,Derek,Macedonia
407,Willy,Poland
408,Sancho,Indonesia
409,Phillie,Nigeria
410,Killie,Afghanistan
411,Ervin,France
412,Linette,Iran
413,Giacobo,Norway
414,Flinn,Philippines
415,Darlleen,Indonesia
416,Leora,Indonesia
417,Marty,French Polynesia
418,Ailsun,Indonesia
419,Massimiliano,Indonesia
420,Leupold,China
421,Morry,Serbia
422,Shawn,Portugal
423,Judie,Russia
424,Herculie,Yemen
425,Selma,Poland
426,Yevette,China
427,Kippy,Portugal
428,Toddy,China
429,Anestassia,Croatia
430,Remus,China
431,Ariana,China
432,Hanni,Bulgaria
433,Merrick,Benin
434,Marinna,France
435,Mikaela,China
436,Elmer,Portugal
437,Kristopher,China
438,Martynne,Yemen
439,Gaby,China
440,Shandra,South Korea
441,Hedy,Comoros
442,Kirsti,Brazil
443,Jo,Canada
444,Jenn,Brazil
445,Lynnea,Russia
446,Selinda,Kenya
447,Willi,Czech Republic
448,Tuckie,Brazil
449,Hadleigh,Portugal
450,Marin,Chad
451,Tybie,Japan
452,Karla,China
453,Fiorenze,China
454,Germaine,China
455,Geoff,Brazil
456,Bernardo,Iran
457,Elisha,Japan
458,Abel,Russia
459,Cecily,Argentina
460,Marleah,Canada
461,Mandi,Indonesia
462,Craggie,Tanzania
463,Benyamin,Egypt
464,Karlie,Portugal
465,Chelsae,Thailand
466,Erskine,China
467,Ranna,China
468,Laurella,United States
469,Aline,Japan
470,Raquela,Poland
471,Horatia,Japan
472,Car,Russia
473,Sebastian,Honduras
474,Lurline,China
475,Averil,Indonesia
476,Shelby,Peru
477,Emmaline,Japan
478,Penny,Philippines
479,Gawain,Indonesia
480,Guthrie,Portugal
481,Reinaldo,China
482,Tommy,Greece
483,Albina,Afghanistan
484,Mark,Poland
485,Margret,Palestinian Territory
486,Janie,Philippines
487,Marcile,Jordan
488,Clarita,Israel
489,Fitz,Russia
490,Fara,Indonesia
491,Cathy,Guatemala
492,Danit,China
493,Reinold,China
494,Tiphanie,Indonesia
495,Mark,China
496,Maureen,Madagascar
497,Fancie,China
498,Helen-elizabeth,China
499,Galvan,China
500,Willis,Malaysia
501,Maxie,Nigeria
502,Carce,Brazil
503,Nana,Portugal
504,Heidi,China
505,Clemence,China
506,Griselda,Indonesia
507,Charis,Micronesia
508,Hasty,Slovenia
509,Gianna,Russia
510,Cassaundra,Malaysia
511,Cristi,China
512,Alicia,Russia
513,Niven,Venezuela
514,Toby,China
515,Sukey,China
516,Arte,South Korea
517,Samara,Czech Republic
518,Lonna,Latvia
519,Ruthy,China
520,Filippa,Myanmar
521,Roselin,Mauritius
522,Dorena,China
523,Ivan,Nigeria
524,Barr,Russia
525,Myrwyn,China
526,Sean,Sweden
527,Rogerio,Czech Republic
528,Giselle,Indonesia
529,Winfield,Philippines
530,Hewet,Ukraine
531,Andreana,Philippines
532,Max,China
533,Cordie,Kosovo
534,Byron,Indonesia
535,Chaddie,Greece
536,Tiler,China
537,Gerda,North Korea
538,Hanson,China
539,Bernadina,Indonesia
540,Tamqrah,Thailand
541,Danella,Indonesia
542,Maxy,Estonia
543,Hewett,Tunisia
544,Ida,Poland
545,Alfie,France
546,Bail,China
547,Lemuel,Palestinian Territory
548,Liuka,France
549,Vaughn,Honduras
550,Cloe,Sweden
551,Jackie,Indonesia
552,Faydra,Mexico
553,Suzy,Mexico
554,Ag,Indonesia
555,Laurel,China
556,Abra,Indonesia
557,Brian,Philippines
558,Kingsley,China
559,Dannie,Poland
560,Taddeo,Peru
561,Juliane,New Zealand
562,Fax,Hungary
563,Langston,China
564,Pierce,Indonesia
565,Ozzie,Brazil
566,Ewell,Poland
567,Dimitri,United States
568,Barbe,Panama
569,Gawain,Argentina
570,Kathe,China
571,Sarena,Portugal
572,Ambur,Taiwan
573,Drucie,China
574,Rebbecca,Indonesia
575,Shelden,Venezuela
576,Lyn,Malaysia
577,Mauricio,Philippines
578,Harley,China
579,Hiram,China
580,Andriette,Russia
581,Miguelita,France
582,Karrie,China
583,Paulita,Thailand
584,Seward,Czech Republic
585,Jacklin,Brazil
586,Laurent,Argentina
587,Uri,France
588,Dillon,Russia
589,Reilly,Greece
590,Jo-ann,Portugal
591,Ardene,Bulgaria
592,Chevalier,Nigeria
593,Ted,Czech Republic
594,Melvin,Tanzania
595,Theresina,Syria
596,Donielle,Denmark
597,Tynan,Indonesia
598,Marie-ann,Gambia
599,Darrin,Colombia
600,Hamid,Indonesia
601,Ivy,Burkina Faso
602,Maritsa,New Zealand
603,Wilt,Canada
604,Patten,Indonesia
605,Benito,Russia
606,Scotti,Greece
607,Camellia,China
608,Dyann,China
609,Bayard,United States
610,Wells,Norway
611,Angel,Indonesia
612,Cornell,France
613,Olia,France
614,Kameko,Russia
615,Saudra,Brazil
616,Eolande,Indonesia
617,Grannie,Philippines
618,Yul,China
619,Lucie,Sweden
620,Isidro,Poland
621,Yulma,Belarus
622,Tallie,France
623,La verne,Portugal
624,Hebert,Peru
625,Jyoti,Jordan
626,Martelle,China
627,Bancroft,Czech Republic
628,Rea,China
629,Myrna,Russia
630,Clayborn,Indonesia
631,Elmo,South Korea
632,Gareth,Nicaragua
633,Joanne,Indonesia
634,Patrizius,Colombia
635,Frank,Indonesia
636,Marris,China
637,Ninette,Poland
638,Sibley,Philippines
639,Wilow,French Polynesia
640,Mandy,Portugal
641,Ginevra,Chile
642,Alair,Portugal
643,Shauna,Colombia
644,Rodd,France
645,Allene,China
646,Polly,Nigeria
647,Nevin,China
648,Elwyn,Sweden
649,Sher,Portugal
650,Ondrea,Democratic Republic of the Congo
651,Grove,Ethiopia
652,Pip,Poland
653,Zahara,Morocco
654,Tremain,France
655,Levy,Togo
656,Bartlet,China
657,Drusy,Indonesia
658,Morissa,Indonesia
659,Dalis,Nigeria
660,Fianna,Indonesia
661,Flem,China
662,Erin,Tanzania
663,Chevy,Argentina
664,Carleton,Brazil
665,Killy,Ecuador
666,Sidonia,Cameroon
667,Brenda,Peru
668,Aylmar,Russia
669,Christalle,Peru
670,Carolann,Indonesia
671,Silvio,Indonesia
672,Tierney,United States
673,Sheila-kathryn,Peru
674,Faye,Mexico
675,Aila,Spain
676,Keane,Japan
677,Moss,China
678,Horten,Mexico
679,Patrica,Japan
680,Chere,Indonesia
681,Othilia,Russia
682,Darryl,Netherlands
683,Nell,China
684,Orren,Brazil
685,Carmine,Peru
686,Lizzie,Argentina
687,Lulu,Pakistan
688,Pauly,Poland
689,Curtis,Croatia
690,Wain,Mexico
691,Monika,Indonesia
692,Hall,Belarus
693,Yorker,Portugal
694,Myrta,Indonesia
695,Susi,Indonesia
696,Halli,China
697,Curr,Portugal
698,Ag,United States
699,Damara,Argentina
700,Gerti,Indonesia
701,Darcey,Poland
702,Marmaduke,China
703,Philly,China
704,Austina,Indonesia
705,Raynell,Japan
706,Fraze,Russia
707,Carmelle,China
708,Hunter,Indonesia
709,Adrien,Russia
710,Morie,Philippines
711,Ethelind,Brazil
712,Fidela,Indonesia
713,Rosemonde,China
714,Leo,Sweden
715,Devland,Indonesia
716,Davida,China
717,Perle,Ecuador
718,Holly,China
719,Daniel,China
720,Gerardo,Iran
721,Aurelia,Afghanistan
722,Duncan,Peru
723,Monika,Tajikistan
724,Lucille,China
725,Mick,Portugal
726,Genevieve,Indonesia
727,Kevina,China
728,Gal,North Korea
729,Ynes,Sweden
730,Barry,France
731,Prissie,Latvia
732,Homer,China
733,Waldo,Philippines
734,Eddy,Greece
735,Zacharie,Portugal
736,Norine,Sierra Leone
737,Thorin,Russia
738,Tresa,Croatia
739,Drucy,Sweden
740,Valenka,Sweden
741,Aurthur,Colombia
742,Selia,Thailand
743,Dav,Russia
744,Mandi,France
745,Alicia,Portugal
746,Ashely,Iran
747,Robenia,United States
748,Garrett,China
749,Holden,France
750,Ab,Mongolia
751,Conrado,Philippines
752,Irwinn,China
753,Hugibert,Indonesia
754,Ilsa,Canada
755,Aguste,China
756,Letty,Albania
757,Martainn,Philippines
758,Daphne,Slovenia
759,Clywd,Portugal
760,Thekla,China
761,Garrek,Indonesia
762,Aggie,China
763,Nikki,Israel
764,Nevsa,Russia
765,Cicely,Indonesia
766,Horatio,Malaysia
767,Auguste,Malaysia
768,Corabelle,Brazil
769,Enoch,China
770,Starlin,Venezuela
771,Darice,Macedonia
772,Gary,Palestinian Territory
773,Walliw,Philippines
774,Mel,Afghanistan
775,Rolfe,China
776,Rorke,Peru
777,Chastity,Jamaica
778,Wilek,Indonesia
779,Roda,France
780,Calli,Macedonia
781,Vassili,Peru
782,Calida,Ukraine
783,Renato,Indonesia
784,Gretta,Norway
785,Elyn,Afghanistan
786,Ramonda,United States
787,Alis,Peru
788,Prudy,Poland
789,Mariann,Brazil
790,Clevey,Nigeria
791,Archambault,Brazil
792,Keeley,Tunisia
793,Dewey,Chad
794,Shaylynn,Portugal
795,Georgia,Argentina
796,Robena,North Korea
797,Regen,Albania
798,Courtnay,Mauritius
799,Ardyce,Somalia
800,Ronnie,China
801,Cirstoforo,Jamaica
802,Konstantine,Libya
803,Melonie,Vietnam
804,Marja,Indonesia
805,Felizio,Indonesia
806,Maxy,Indonesia
807,Robin,Bangladesh
808,Chandra,Russia
809,Geoff,China
810,Gardener,Ghana
811,Blaine,Tunisia
812,Michell,United States
813,Delano,China
814,Rollins,Kosovo
815,Isabeau,China
816,Gillian,United States
817,Rhona,Tanzania
818,Merrilee,Sweden
819,Noel,Nigeria
820,Reidar,Indonesia
821,Lamar,Mexico
822,Torey,Iran
823,Foster,Indonesia
824,Lilias,Poland
825,Glynn,Indonesia
826,Crista,Honduras
827,Hilliard,Indonesia
828,Marna,Indonesia
829,Wheeler,United States
830,Vanna,Indonesia
831,Gregorius,Iran
832,Georgine,China
833,Man,Indonesia
834,Felicdad,Portugal
835,Nickolai,Russia
836,Lexi,Czech Republic
837,Dag,China
838,Peyton,Indonesia
839,Opal,China
840,Kipp,Portugal
841,Archibaldo,China
842,Boony,Poland
843,Sioux,Russia
844,Ginger,Sweden
845,Isidoro,Niger
846,Kaila,Bosnia and Herzegovina
847,Pen,Indonesia
848,Matty,Democratic Republic of the Congo
849,Olimpia,Canada
850,Quintus,Norway
851,Guinna,Philippines
852,Jackqueline,Philippines
853,Erminie,China
854,Bili,Indonesia
855,Bethanne,China
856,Albrecht,Kazakhstan
857,Marnie,China
858,Zared,Russia
859,Helene,Brazil
860,Elton,China
861,Cirilo,United States
862,Ynes,Brazil
863,Janette,China
864,Rochella,Indonesia
865,Salmon,United States
866,Gill,Sweden
867,Andrej,Brazil
868,Robert,Sweden
869,Oates,Mongolia
870,Pedro,China
871,Ax,Ukraine
872,Corbett,Sweden
873,Ogdon,Russia
874,George,Vietnam
875,Brodie,Portugal
876,Belva,Indonesia
877,Reggie,Poland
878,Carleton,Philippines
879,Guillaume,Poland
880,Pearline,Sweden
881,Smith,Indonesia
882,Terrill,Portugal
883,Benjie,United States
884,Benjamen,China
885,Gertruda,Brazil
886,Thia,Sweden
887,Bertina,China
888,Mavis,China
889,Kane,Guatemala
890,Sydney,Philippines
891,Fania,Venezuela
892,Waneta,Bulgaria
893,Nanny,China
894,Alli,Philippines
895,Erich,Poland
896,Lyn,Portugal
897,Estevan,Russia
898,Xylina,Malaysia
899,Marj,Jordan
900,Gustavo,Sweden
901,Klemens,Palestinian Territory
902,Darnell,Colombia
903,Cody,China
904,Millard,Kazakhstan
905,Barnaby,Indonesia
906,Karlene,Kosovo
907,Nikita,China
908,Fairleigh,China
909,Blisse,Indonesia
910,Darci,Gambia
911,Terese,Russia
912,Price,Cuba
913,Gradeigh,Sweden
914,Janos,Poland
915,Leonore,Indonesia
916,Nancee,Philippines
917,Liz,Russia
918,Alexine,France
919,Morgen,Philippines
920,Sula,China
921,Marj,Philippines
922,Tobe,Sweden
923,Alanna,Brazil
924,Nicholas,Canada
925,Lorna,China
926,Tabby,Brazil
927,Hilda,Canada
928,Etheline,Sweden
929,Tildie,South Africa
930,Kenon,Poland
931,Rasia,Norway
932,Leon,China
933,Bo,Indonesia
934,Catlaina,Russia
935,Jayson,Indonesia
936,Marilee,United States
937,Gerek,Pakistan
938,Eduino,China
939,Mellisent,Thailand
940,Leonora,China
941,Inglis,Philippines
942,Gayelord,United Kingdom
943,Arther,Indonesia
944,Huberto,Argentina
945,Ware,Indonesia
946,Eleonore,Bolivia
947,Althea,Thailand
948,Melinda,China
949,Kelly,Honduras
950,Kissiah,China
951,Osmond,Russia
952,Gerick,Russia
953,Helene,Poland
954,Marrilee,China
955,Matthew,China
956,Hamil,Poland
957,Zarah,China
958,Steffen,Portugal
959,Cathi,China
960,Ray,Indonesia
961,Emelen,Indonesia
962,Bernice,Indonesia
963,York,Argentina
964,Pierrette,Ukraine
965,Gavan,Costa Rica
966,Chickie,China
967,Cullan,United States
968,Brendin,China
969,Bert,Bahrain
970,Miguel,Indonesia
971,Rowland,Russia
972,Matthiew,China
973,Benedicto,Peru
974,Rivalee,Philippines
975,Glad,Greece
976,Robinetta,Serbia
977,Marty,Poland
978,Esta,Indonesia
979,Francisca,Czech Republic
980,Chico,China
981,Vergil,China
982,Elden,Indonesia
983,Junie,Sweden
984,Geoff,China
985,Clarette,Taiwan
986,Giselbert,Poland
987,Jessie,China
988,Belinda,Colombia
989,Bogart,Poland
990,Claybourne,Mexico
991,Riccardo,China
992,Ginni,South Africa
993,Marline,Libya
994,Melodee,France
995,Ruttger,Iran
996,Octavius,Greece
997,Goldarina,Ukraine
998,Merridie,Luxembourg
999,Blair,Argentina
1000,Kristal,Philippines
